Time to Evacuate,Age,Gender,Disability,SpatialKnowledge,Observation of Environment
9.616925,25,Female,None,Medium,Immediate
9.773707,52,Male,None,High,Immediate
10.28521,35,Female,None,High,Immediate
11.77139,42,Male,None,Low,Immediate
12.65952,61,Male,None,High,Immediate
12.65952,21,Female,None,Medium,Immediate
13.66971,80,Female,None,Medium,Immediate
16.43267,73,Female,None,High,Immediate
16.43267,25,Female,None,Medium,Immediate
16.5695,37,Male,None,High,Immediate
17.09128,45,Male,None,Medium,Immediate
17.22298,36,Male,None,High,Immediate
17.71976,24,Male,None,High,Immediate
18.2634,62,Female,None,Medium,Immediate
18.73256,91,Male,None,High,Immediate
18.91411,25,Male,None,High,Immediate
19.59594,40,Female,None,Medium,Immediate
20.05087,36,Male,None,Medium,Immediate
20.93103,77,Male,None,Medium,Immediate
21.23013,58,Female,None,High,Immediate
21.43953,25,Male,None,Medium,Immediate
21.92562,58,Male,None,Medium,Immediate
21.92562,57,Male,None,High,Immediate
22.25091,74,Female,None,Low,Immediate
22.70989,30,Male,None,High,Immediate
23.06987,49,Female,None,Low,Immediate
23.06987,73,Male,None,High,Immediate
23.73325,47,Female,None,Low,Immediate
24.24298,34,Female,None,High,Immediate
24.89321,75,Male,None,Medium,Immediate
25.56006,25,Female,None,Low,Immediate
25.74887,97,Male,None,Medium,Immediate
26.09997,64,Female,None,High,Lagging
26.37302,25,Female,None,Low,Immediate
26.59015,59,Male,None,Medium,Lagging
27.09085,65,Female,None,High,Immediate
27.09085,46,Male,None,High,Immediate
27.41364,52,Female,None,Low,Lagging
27.41364,64,Male,None,High,Immediate
27.5515,28,Female,None,Medium,Immediate
28.08396,94,Male,None,Medium,Immediate
28.8763,26,Female,None,High,Immediate
29.08503,82,Male,None,High,Immediate
30.5647,40,Male,None,Medium,Immediate
30.88953,87,Female,None,Low,Immediate
31.70587,81,Female,None,High,Immediate
32.05461,73,Female,None,Medium,Immediate
32.25528,24,Female,None,Low,Immediate
33.06258,53,Male,None,Medium,Lagging
33.06258,51,Female,None,Low,Immediate
33.06258,57,Male,None,Medium,Immediate
33.76265,89,Female,None,Medium,Immediate
33.76265,40,Female,None,Low,Immediate
33.76265,64,Female,None,Medium,Immediate
33.89939,47,Male,None,Low,Immediate
34.07458,43,Female,None,High,Lagging
34.19973,31,Female,None,Low,Immediate
34.42893,49,Male,None,Medium,Immediate
34.71523,68,Female,WheelChair,High,Lagging
34.93248,20,Male,WakingStick,Low,Immediate
35.59734,26,Female,None,High,Immediate
36.5799,37,Male,None,Low,Immediate
36.5799,54,Female,None,High,Immediate
36.70916,94,Female,None,High,Immediate
36.92906,22,Female,None,High,Lagging
37.06472,84,Female,None,High,Immediate
37.39569,71,Female,None,Medium,Lagging
37.58928,43,Male,None,Medium,Immediate
38.20685,20,Male,None,High,Immediate
38.43684,62,Male,None,Low,Lagging
38.91401,79,Female,None,High,Immediate
39.39828,88,Female,None,Low,Lagging
39.39828,95,Female,None,Low,Immediate
39.58187,60,Female,None,High,Lagging
39.58187,83,Female,None,Low,Lagging
40.05245,95,Male,None,Low,Immediate
40.25213,91,Male,None,Low,Immediate
40.25213,69,Male,None,High,Immediate
40.38269,72,Female,None,High,Immediate
41.04886,67,Female,None,Medium,Lagging
41.26469,65,Female,None,Medium,Immediate
41.39599,73,Male,None,Medium,Lagging
41.91559,65,Female,None,High,Immediate
42.04145,26,Male,None,Medium,Lagging
43.21581,42,Female,None,Low,Immediate
43.21581,65,Female,None,Low,Immediate
43.56842,45,Male,None,High,Lagging
43.77924,33,Male,WheelChair,Low,Immediate
43.92232,59,Male,None,Medium,Lagging
44.4006,92,Female,None,Medium,Lagging
44.4006,75,Female,WheelChair,Medium,Immediate
44.71165,56,Male,None,Medium,Lagging
44.71165,43,Female,None,Medium,Immediate
44.91446,27,Female,None,High,Lagging
45.05181,76,Female,None,Medium,Immediate
45.38687,49,Female,None,Medium,Immediate
45.59155,21,Male,None,Medium,Immediate
45.71925,69,Male,None,High,Immediate
46.05023,88,Female,None,Low,Immediate
46.05023,89,Male,None,High,Lagging
46.58229,98,Female,None,Low,Immediate
46.58229,61,Female,WheelChair,Low,Lagging
47.09354,94,Female,None,Medium,Lagging
47.09354,52,Male,None,High,Immediate
47.22636,72,Female,None,Low,Lagging
47.42276,71,Female,None,Low,Immediate
47.42276,22,Female,None,Medium,Immediate
48.08151,83,Male,None,Medium,Immediate
48.08151,26,Female,None,High,Lagging
48.08151,61,Female,None,Medium,Immediate
48.38913,84,Male,None,Medium,Lagging
48.92206,78,Female,None,Medium,Immediate
48.92206,21,Male,None,Low,Immediate
48.92206,65,Female,None,High,Lagging
48.92206,27,Male,None,Low,Lagging
49.36857,64,Male,None,Medium,Immediate
49.57993,54,Male,None,Medium,Lagging
49.715,80,Male,None,Medium,Immediate
49.715,93,Male,None,Medium,Lagging
49.715,27,Male,None,Low,Immediate
50.06666,78,Female,None,Low,Immediate
50.60074,32,Male,None,Medium,Lagging
50.60074,90,Female,None,High,Lagging
51.03285,47,Female,None,Medium,Lagging
51.26437,73,Male,None,High,Lagging
51.59615,84,Female,None,High,Lagging
51.92662,68,Male,None,Low,Immediate
51.92662,87,Male,None,Low,Immediate
51.92662,87,Male,None,Low,Immediate
52.25919,85,Female,None,Medium,Immediate
52.38196,27,Female,None,Medium,Immediate
52.59779,91,Female,None,High,Immediate
52.59779,53,Female,None,Medium,Immediate
52.8594,97,Male,None,High,Immediate
53.23846,35,Female,None,Medium,Immediate
53.23846,53,Male,None,High,Lagging
53.23846,57,Male,None,High,Immediate
53.43142,50,Male,None,Medium,Lagging
53.43142,44,Female,None,High,Immediate
53.76242,58,Female,None,Medium,Lagging
54.08014,54,Male,None,High,Immediate
54.41168,52,Male,None,High,Immediate
54.54092,47,Female,None,Medium,Lagging
54.54092,31,Female,None,Medium,Lagging
54.8999,21,Male,None,High,Immediate
55.09549,41,Male,None,High,Immediate
55.4169,69,Female,None,High,Lagging
55.4169,42,Male,WheelChair,Medium,Immediate
55.53965,84,Male,None,High,Lagging
55.75684,61,Male,None,Low,Lagging
55.88857,47,Male,None,Low,Immediate
56.09135,67,Male,None,Low,Immediate
56.2315,98,Male,None,Low,Lagging
56.42845,95,Female,None,High,Lagging
56.42845,78,Female,None,Medium,Lagging
56.75407,89,Male,None,Medium,Lagging
57.08981,25,Female,None,Low,Lagging
57.08981,94,Female,None,Medium,Immediate
57.21815,55,Female,None,Medium,Lagging
57.42884,43,Female,None,High,Lagging
57.42884,44,Male,None,High,Lagging
57.42884,46,Female,None,High,Lagging
57.55142,39,Female,None,High,Lagging
57.885,40,Male,None,Medium,Lagging
58.09307,29,Male,None,High,Lagging
58.22771,71,Female,None,Medium,Lagging
58.22771,40,Female,None,Medium,Immediate
58.22771,29,Male,None,High,Immediate
58.73404,37,Male,None,Low,Immediate
58.73404,45,Female,None,Medium,Lagging
58.86725,42,Female,None,Low,Immediate
58.86725,34,Female,None,Low,Immediate
59.07154,20,Male,None,High,Lagging
59.07154,20,Female,None,Low,Lagging
59.2122,97,Male,None,Low,Lagging
59.59101,56,Male,None,High,Immediate
59.59101,45,Male,None,Medium,Lagging
59.9255,74,Female,None,High,Immediate
59.9255,59,Female,None,High,Lagging
60.2573,45,Male,None,High,Lagging
60.3838,54,Male,None,High,Lagging
60.3838,79,Male,None,Low,Lagging
60.59105,20,Male,None,Medium,Lagging
60.93857,77,Male,None,High,Lagging
60.93857,92,Male,None,High,Lagging
61.26324,24,Male,WakingStick,High,Lagging
61.60777,31,Female,None,High,Lagging
61.60777,46,Female,None,Medium,Immediate
61.92448,21,Male,None,High,Lagging
61.92448,25,Male,None,Medium,Immediate
61.92448,69,Female,None,Medium,Lagging
62.04399,48,Female,WheelChair,Medium,Immediate
62.60892,36,Male,None,High,Lagging
62.60892,31,Male,None,High,Immediate
62.60892,68,Female,None,Medium,Lagging
63.22564,77,Female,None,Low,Immediate
63.42975,71,Male,None,Low,Immediate
63.77642,98,Male,None,Medium,Lagging
63.77642,69,Male,None,Low,Immediate
63.77642,29,Female,None,Medium,Immediate
63.9209,95,Male,None,High,Lagging
64.42638,76,Male,None,Low,Lagging
64.42638,32,Male,None,High,Lagging
64.42638,30,Male,None,High,Lagging
64.42638,47,Female,None,High,Lagging
64.55274,30,Male,None,Medium,Immediate
64.76601,21,Female,None,Low,Lagging
64.76601,31,Male,None,Low,Lagging
65.214,93,Female,None,High,Lagging
65.42516,25,Female,WheelChair,Low,Immediate
65.55432,30,Female,None,High,Lagging
65.55432,93,Male,None,Medium,Immediate
65.55432,82,Female,None,Low,Lagging
65.76957,99,Male,None,Low,Immediate
66.09393,44,Female,None,High,Lagging
66.09393,33,Male,None,Medium,Lagging
66.21877,24,Male,None,Medium,Lagging
66.21877,58,Male,None,High,Lagging
66.43863,76,Male,None,Medium,Immediate
66.43863,26,Female,None,Low,Lagging
66.77373,61,Male,None,Low,Lagging
66.9019,29,Female,None,High,Lagging
67.10856,48,Female,None,Low,Immediate
67.23789,70,Male,None,Medium,Lagging
67.23789,96,Male,None,High,Lagging
67.43444,25,Male,None,Low,Lagging
67.43444,84,Female,None,Medium,Lagging
67.56556,33,Male,None,Medium,Lagging
67.56556,71,Female,None,High,Lagging
67.90919,36,Male,None,Low,Lagging
67.90919,22,Female,None,Medium,Lagging
68.09617,57,Female,WheelChair,Low,Lagging
68.22988,56,Female,None,Low,Immediate
68.45392,75,Male,None,Low,Lagging
68.60636,93,Female,None,Medium,Lagging
68.60636,96,Female,None,High,Lagging
69.39991,29,Male,None,High,Lagging
69.75249,91,Male,None,Medium,Lagging
69.75249,49,Male,None,Medium,Immediate
69.75249,83,Female,None,Low,Lagging
69.95436,64,Male,None,High,Lagging
70.09806,43,Male,None,Low,Lagging
70.22002,95,Female,None,High,Lagging
70.4304,95,Female,None,High,Immediate
70.4304,58,Male,None,Medium,Lagging
70.4304,43,Male,None,High,Lagging
70.4304,85,Male,None,Low,Immediate
70.77117,29,Male,None,Low,Lagging
70.77117,23,Female,None,High,Lagging
70.77117,60,Male,WakingStick,High,Lagging
70.8988,24,Female,None,Low,Lagging
70.8988,47,Female,WheelChair,High,Lagging
71.49091,79,Male,None,Medium,Immediate
71.49091,45,Female,None,High,Lagging
71.63907,28,Male,None,High,Lagging
71.93938,48,Male,None,High,Lagging
71.93938,20,Male,None,Medium,Lagging
71.93938,36,Male,None,Medium,Lagging
71.93938,33,Female,None,High,Lagging
72.27809,39,Female,None,Low,Immediate
72.40833,74,Female,None,Medium,Lagging
72.40833,44,Male,None,Medium,Lagging
72.94259,69,Male,None,Medium,Lagging
72.94259,78,Male,None,High,Immediate
72.94259,20,Male,None,Medium,Lagging
73.2746,82,Female,None,High,Lagging
73.40138,36,Male,None,Medium,Lagging
73.40138,63,Male,None,Low,Lagging
73.61096,53,Female,None,Medium,Lagging
73.93105,50,Female,None,Low,Lagging
73.93105,46,Female,None,Low,Lagging
74.05517,38,Male,None,Low,Lagging
74.27061,21,Female,None,Low,Lagging
74.39622,53,Male,None,Low,Lagging
74.60326,41,Female,None,High,Lagging
74.60326,58,Male,None,High,Lagging
74.94067,91,Male,None,High,Lagging
74.94067,45,Male,None,High,Lagging
75.06989,61,Female,None,Low,Immediate
75.06989,89,Female,None,Low,Lagging
75.26405,66,Female,None,Low,Immediate
75.3924,89,Male,None,Low,Lagging
75.60094,94,Male,None,High,Lagging
75.60094,50,Male,None,High,Lagging
75.60094,28,Female,None,Medium,Immediate
75.7297,36,Male,None,Low,Lagging
75.93677,90,Male,None,Medium,Immediate
75.93677,50,Female,None,High,Lagging
76.0724,86,Male,None,Medium,Immediate
76.0724,25,Male,None,High,Lagging
76.26099,46,Male,None,Low,Lagging
76.38787,80,Female,None,High,Lagging
76.38787,41,Female,None,Low,Lagging
76.6109,37,Female,None,Low,Immediate
76.6109,51,Female,None,High,Lagging
76.6109,39,Male,None,Low,Lagging
76.74048,43,Female,None,High,Lagging
76.74048,61,Male,None,Low,Immediate
77.06023,71,Male,None,Medium,Lagging
77.27826,27,Male,None,Medium,Lagging
77.40823,92,Male,None,High,Lagging
77.40823,59,Female,None,Medium,Immediate
77.40823,62,Female,None,High,Lagging
77.61797,45,Female,None,Medium,Lagging
77.92876,67,Female,None,Low,Lagging
78.10552,35,Male,None,Medium,Immediate
78.22683,25,Female,None,Low,Lagging
78.22683,96,Female,None,Low,Lagging
78.22683,96,Female,None,High,Lagging
78.22683,44,Male,None,Low,Lagging
78.4268,52,Male,None,Low,Lagging
78.55772,51,Male,None,Low,Lagging
78.77032,26,Male,None,Low,Lagging
78.77032,21,Male,None,Medium,Immediate
79.11865,68,Male,None,Medium,Immediate
79.41956,38,Female,None,Medium,Lagging
79.59252,69,Female,None,High,Lagging
79.77296,21,Female,None,Medium,Immediate
79.77296,80,Male,None,High,Lagging
79.89131,69,Female,None,Low,Lagging
79.89131,95,Male,None,Low,Immediate
80.23914,34,Male,None,Low,Lagging
80.23914,27,Male,None,Low,Lagging
80.4241,86,Male,None,Medium,Lagging
80.54741,50,Female,None,Low,Lagging
80.76183,88,Male,None,High,Lagging
80.89641,53,Male,None,Medium,Lagging
80.89641,40,Female,None,Low,Lagging
80.89641,58,Female,None,High,Immediate
81.11076,35,Female,None,High,Lagging
81.11076,32,Female,None,High,Lagging
81.23604,96,Female,None,Medium,Immediate
81.44082,80,Male,None,High,Lagging
81.56252,22,Male,None,Medium,Lagging
81.76533,25,Male,None,Low,Lagging
81.76533,28,Female,None,High,Immediate
81.89063,58,Female,None,High,Immediate
81.89063,24,Female,None,Low,Immediate
82.21755,20,Male,None,Low,Lagging
82.44064,96,Female,None,High,Immediate
82.44064,62,Female,None,Low,Lagging
82.44064,86,Female,None,Low,Immediate
82.76644,58,Female,None,Medium,Lagging
82.76644,53,Male,None,Low,Lagging
82.88755,63,Female,None,Low,Immediate
83.23475,27,Male,None,High,Lagging
83.23475,96,Female,None,Medium,Lagging
83.23475,34,Male,None,Medium,Lagging
83.37614,45,Female,None,High,Lagging
83.6057,38,Male,None,Low,Lagging
83.9441,71,Female,None,High,Lagging
83.9441,78,Male,None,Medium,Lagging
83.9441,85,Male,None,High,Lagging
83.9441,69,Male,None,Medium,Lagging
84.59634,94,Male,None,Low,Lagging
84.59634,70,Male,None,Low,Lagging
85.05366,88,Female,None,High,Lagging
85.05366,51,Female,None,Low,Lagging
85.05366,67,Male,None,Medium,Lagging
85.27068,88,Male,None,Medium,Immediate
85.40707,34,Male,None,Low,Immediate
85.40707,28,Female,None,Medium,Lagging
85.59779,85,Male,None,Medium,Immediate
85.71987,44,Female,None,Low,Lagging
85.93548,65,Female,None,High,Lagging
86.06267,93,Female,None,Medium,Lagging
86.06267,55,Male,None,Medium,Lagging
86.27022,40,Female,None,Low,Lagging
86.27022,65,Male,None,Medium,Lagging
86.60793,41,Male,None,Medium,Lagging
86.60793,28,Male,None,High,Lagging
86.60793,81,Male,None,Low,Immediate
86.92792,39,Female,None,High,Lagging
87.05254,28,Male,None,Medium,Lagging
87.05254,23,Male,None,Medium,Lagging
87.27439,77,Female,None,High,Lagging
87.72548,49,Female,None,High,Lagging
87.93072,60,Male,None,High,Lagging
88.05396,81,Male,None,Low,Immediate
88.26645,20,Male,None,Medium,Lagging
88.26645,87,Female,None,Medium,Immediate
88.26645,77,Male,None,High,Lagging
88.39352,79,Male,None,Medium,Immediate
88.88744,38,Male,None,Low,Lagging
88.88744,47,Female,None,Medium,Lagging
88.88744,50,Male,None,Medium,Immediate
89.24089,37,Female,None,Low,Lagging
89.24089,46,Female,None,Low,Lagging
89.57112,87,Male,None,Low,Lagging
89.7756,78,Male,None,Medium,Lagging
90.09692,96,Male,None,Low,Lagging
90.21315,88,Female,None,High,Lagging
90.21315,76,Male,None,Medium,Immediate
90.43839,60,Female,None,Medium,Lagging
90.43839,51,Female,None,Medium,Lagging
90.57518,23,Male,None,Low,Lagging
90.77562,73,Male,None,Low,Lagging
90.77562,86,Male,None,Medium,Lagging
90.90591,24,Male,None,Low,Lagging
90.90591,58,Female,None,Low,Lagging
91.09005,91,Female,None,Medium,Immediate
91.27073,60,Male,None,High,Lagging
91.27073,23,Male,None,High,Lagging
91.60869,98,Male,None,Low,Lagging
92.04571,98,Female,None,Low,Immediate
92.04571,86,Female,None,High,Lagging
92.04571,58,Male,None,Low,Lagging
92.27145,20,Male,None,Medium,Lagging
92.27145,79,Female,None,Medium,Lagging
92.71857,58,Female,None,High,Lagging
92.71857,23,Male,None,Low,Lagging
92.92602,86,Male,None,Medium,Lagging
92.92602,70,Female,None,High,Lagging
93.04987,42,Female,None,Medium,Lagging
93.04987,34,Female,None,Medium,Lagging
93.27733,42,Female,None,High,Lagging
93.4145,62,Female,None,Medium,Lagging
93.60225,33,Male,None,High,Lagging
93.60225,46,Male,None,Medium,Lagging
93.60225,26,Male,None,Low,Lagging
93.73522,50,Male,None,High,Lagging
94.25703,27,Male,None,High,Lagging
94.25703,96,Female,None,Medium,Immediate
94.25703,31,Male,None,High,Lagging
94.25703,52,Male,None,High,Lagging
94.73885,57,Male,None,Medium,Lagging
94.73885,73,Male,None,Medium,Lagging
94.73885,86,Female,None,Low,Immediate
94.9338,33,Female,None,Low,Lagging
94.9338,57,Female,None,High,Lagging
95.05586,76,Male,None,Medium,Immediate
95.38784,23,Male,None,High,Lagging
95.38784,86,Female,None,Low,Lagging
95.59178,82,Male,None,High,Immediate
95.59178,74,Female,None,Medium,Lagging
95.71267,63,Male,None,Medium,Lagging
96.06527,24,Female,None,Medium,Lagging
96.25893,84,Female,None,High,Lagging
96.60262,87,Male,None,Low,Lagging
96.60262,53,Male,None,High,Lagging
96.9321,59,Female,None,Medium,Lagging
96.9321,84,Male,None,Medium,Lagging
96.9321,48,Male,None,High,Lagging
97.05228,72,Female,None,High,Lagging
97.26896,24,Female,None,High,Lagging
97.38789,83,Female,None,Medium,Lagging
97.61115,31,Female,None,Low,Lagging
97.61115,35,Female,None,High,Lagging
97.74435,24,Male,None,High,Lagging
98.06522,39,Female,None,Low,Lagging
98.06522,78,Female,None,High,Lagging
98.25874,22,Female,None,Low,Immediate
98.37666,73,Female,None,High,Lagging
98.60022,73,Female,None,Low,Lagging
98.60022,46,Male,None,Medium,Lagging
98.72118,65,Male,None,Low,Immediate
98.94453,69,Male,None,Medium,Lagging
98.94453,39,Female,None,Medium,Lagging
99.06775,82,Male,None,High,Lagging
99.27111,70,Female,None,Medium,Lagging
99.27111,88,Male,None,Medium,Lagging
99.38793,99,Female,None,Low,Lagging
99.38793,87,Female,WheelChair,Medium,Lagging
99.71928,34,Female,None,Low,Lagging
99.92595,22,Female,None,High,Lagging
99.92595,47,Female,None,High,Lagging
99.92595,33,Female,None,High,Lagging
99.92595,74,Female,None,Medium,Lagging
100.0959,96,Female,None,Medium,Immediate
100.4276,27,Male,None,High,Lagging
100.4276,95,Male,None,Medium,Lagging
100.4276,38,Female,None,Low,Lagging
100.6077,61,Male,WakingStick,Medium,Lagging
100.721,79,Male,None,Low,Lagging
100.721,31,Male,None,Low,Lagging
100.9334,40,Female,None,Low,Lagging
100.9334,81,Male,None,Medium,Lagging
101.2679,33,Male,None,High,Lagging
101.2679,35,Male,None,Medium,Lagging
101.2679,43,Female,None,High,Lagging
101.5972,29,Female,None,High,Lagging
101.5972,67,Male,None,Medium,Lagging
101.5972,74,Female,None,High,Lagging
101.7148,53,Male,None,Low,Lagging
102.2561,74,Female,None,Medium,Lagging
102.3863,36,Female,None,High,Lagging
102.3863,52,Male,None,Medium,Lagging
102.3863,67,Female,None,Low,Lagging
102.6078,33,Male,WheelChair,Medium,Immediate
102.6078,35,Male,None,High,Lagging
102.6078,20,Male,None,Medium,Lagging
102.9337,25,Male,None,Medium,Lagging
103.0488,32,Female,None,Low,Lagging
103.5997,92,Female,None,Medium,Lagging
103.5997,22,Male,None,Low,Lagging
103.7593,22,Female,None,Low,Lagging
103.7593,39,Female,None,Medium,Lagging
103.7593,72,Female,None,Low,Lagging
104.1021,64,Male,None,High,Immediate
104.4416,22,Male,None,High,Lagging
104.4416,37,Male,None,Low,Lagging
104.6009,65,Male,None,Low,Lagging
104.6009,75,Female,None,Low,Lagging
105.0991,87,Male,None,High,Lagging
105.2752,41,Female,None,Low,Lagging
105.5929,63,Female,None,High,Lagging
105.5929,72,Female,None,High,Lagging
105.5929,37,Male,None,Low,Lagging
105.9316,92,Male,None,Medium,Lagging
106.1064,49,Male,None,Low,Immediate
106.1064,48,Female,None,Low,Lagging
106.1064,43,Female,None,Medium,Lagging
106.4445,48,Male,None,Medium,Lagging
106.4445,60,Female,None,High,Lagging
106.5621,66,Female,None,Medium,Lagging
106.7821,46,Female,None,High,Lagging
106.9114,80,Male,None,Medium,Lagging
106.9114,29,Male,None,Low,Lagging
107.0928,40,Male,None,Medium,Lagging
107.0928,78,Female,None,Medium,Lagging
107.0928,88,Female,WheelChair,High,Lagging
107.5934,68,Female,None,Medium,Lagging
107.7723,53,Female,None,Low,Lagging
107.7723,54,Male,None,Low,Lagging
107.8841,53,Male,None,High,Lagging
108.4273,48,Female,None,High,Lagging
108.5939,92,Female,None,Medium,Immediate
108.5939,35,Female,None,Low,Lagging
108.5939,87,Female,None,High,Lagging
108.9351,75,Female,None,High,Lagging
108.9351,66,Male,None,Low,Immediate
108.9351,27,Male,WakingStick,High,Lagging
108.9351,58,Male,None,Low,Lagging
109.0953,67,Female,None,Low,Lagging
109.2707,34,Female,None,Low,Lagging
109.7645,77,Female,None,Low,Lagging
109.7645,77,Male,None,Medium,Lagging
109.7645,20,Female,None,Medium,Lagging
109.9247,74,Female,None,Medium,Lagging
109.9247,87,Male,None,Medium,Lagging
110.1029,69,Female,None,Medium,Lagging
110.4371,51,Female,None,Low,Lagging
110.5951,48,Female,None,Medium,Lagging
110.5951,91,Male,None,High,Lagging
110.7702,38,Female,None,High,Lagging
110.7702,61,Male,None,Medium,Lagging
111.3878,56,Male,WheelChair,Low,Immediate
111.3878,64,Male,None,Medium,Lagging
111.5966,86,Female,None,Medium,Lagging
111.5966,87,Male,None,Low,Immediate
111.7672,89,Male,None,Medium,Lagging
111.9398,39,Female,None,Medium,Lagging
112.0968,31,Male,None,Low,Lagging
112.2651,63,Female,None,High,Lagging
112.5981,57,Male,None,High,Lagging
112.5981,66,Male,None,Medium,Lagging
112.7652,77,Female,None,Low,Immediate
112.9346,20,Female,None,High,Lagging
113.0529,24,Male,None,High,Lagging
113.4346,96,Female,None,Medium,Lagging
113.4346,43,Female,None,High,Lagging
113.7693,93,Female,None,Low,Lagging
113.7693,92,Female,None,High,Immediate
113.9392,61,Female,None,Low,Lagging
113.9392,37,Male,None,Medium,Lagging
114.0987,41,Male,None,Low,Lagging
114.4501,33,Female,None,Medium,Lagging
114.5569,76,Female,None,Low,Immediate
114.9309,91,Male,None,Medium,Immediate
114.9309,93,Female,None,Medium,Immediate
114.9309,77,Male,None,Medium,Lagging
115.0986,90,Female,None,High,Lagging
115.3887,80,Male,None,Low,Lagging
115.5853,35,Male,None,Medium,Lagging
115.5853,76,Male,None,High,Immediate
115.7664,75,Female,None,Medium,Lagging
115.7664,82,Male,None,Low,Lagging
115.7664,75,Male,None,High,Lagging
116.2616,72,Male,None,Low,Lagging
116.2616,26,Female,None,High,Lagging
116.2616,50,Female,None,Low,Lagging
116.2616,58,Female,None,Low,Lagging
116.4281,47,Male,None,High,Lagging
116.7555,21,Male,None,Low,Lagging
116.9332,52,Female,None,Medium,Lagging
117.0928,70,Female,None,Medium,Lagging
117.4268,76,Male,WheelChair,Medium,Lagging
117.4268,91,Female,None,High,Lagging
117.5922,88,Female,None,Medium,Immediate
117.7657,30,Male,None,Medium,Lagging
117.7657,81,Female,None,High,Lagging
117.7657,37,Male,None,Medium,Lagging
118.1051,79,Female,None,High,Lagging
118.1051,57,Male,None,Low,Lagging
118.2675,94,Male,None,Low,Lagging
118.2675,27,Female,WheelChair,Low,Lagging
118.2675,64,Female,None,Medium,Lagging
118.2675,93,Male,None,High,Lagging
118.9351,26,Female,WheelChair,High,Lagging
118.9351,81,Male,None,Low,Lagging
118.9351,32,Male,None,Low,Lagging
119.2577,88,Male,None,High,Lagging
119.4324,35,Male,None,Medium,Lagging
119.5904,38,Male,None,Medium,Lagging
119.5904,97,Male,None,Low,Lagging
119.7639,54,Female,None,Low,Immediate
120.0932,31,Female,None,Medium,Lagging
120.2764,32,Male,None,Low,Lagging
120.2764,85,Male,None,Low,Lagging
120.2764,54,Female,None,Low,Lagging
120.4312,84,Female,None,High,Lagging
120.609,29,Female,None,Low,Lagging
120.609,93,Male,None,Low,Lagging
120.609,36,Male,None,Medium,Immediate
120.9338,64,Male,None,High,Lagging
120.9338,45,Male,None,Low,Lagging
120.9338,91,Male,None,High,Immediate
121.2627,62,Female,None,Low,Lagging
121.4253,50,Female,None,Low,Lagging
121.593,77,Female,None,Low,Lagging
121.7613,55,Female,None,Low,Lagging
121.7613,25,Female,None,Medium,Lagging
121.9259,28,Female,None,Low,Lagging
122.2145,82,Male,None,Medium,Lagging
122.2145,30,Male,None,Medium,Lagging
122.2145,20,Female,None,Medium,Lagging
122.4374,66,Male,None,Medium,Lagging
122.4374,81,Female,None,High,Lagging
122.6002,54,Female,None,High,Lagging
123.0958,41,Male,None,Low,Lagging
123.0958,62,Female,None,Low,Lagging
123.0958,50,Male,None,Medium,Lagging
123.275,33,Male,None,Low,Lagging
123.275,63,Male,None,Medium,Lagging
123.5977,91,Male,None,High,Lagging
123.7729,84,Male,WheelChair,Low,Lagging
123.7729,67,Female,None,High,Lagging
123.9221,58,Male,None,Medium,Lagging
124.0923,90,Female,WheelChair,High,Lagging
124.0923,33,Female,None,High,Lagging
124.276,49,Male,None,Low,Lagging
124.426,75,Male,None,Low,Lagging
124.5996,64,Female,None,High,Lagging
124.7715,70,Female,None,Low,Lagging
124.7715,70,Female,None,Low,Lagging
125.259,99,Male,None,High,Lagging
125.259,96,Male,None,Medium,Immediate
125.4396,90,Female,None,Medium,Lagging
125.5881,40,Male,None,Low,Lagging
125.7736,81,Female,None,Medium,Lagging
125.7736,48,Male,None,Low,Lagging
126.1019,54,Male,None,Low,Lagging
126.1019,85,Male,None,Medium,Lagging
126.2675,51,Female,None,Medium,Lagging
126.7246,42,Male,None,High,Lagging
126.9433,54,Male,None,Low,Lagging
126.9433,22,Female,None,High,Lagging
127.4336,89,Female,None,Medium,Lagging
127.4336,89,Female,None,Medium,Lagging
127.4336,41,Female,None,Low,Lagging
127.5996,96,Female,None,Medium,Immediate
127.9339,83,Female,None,Medium,Lagging
127.9339,68,Female,None,Medium,Lagging
128.0973,25,Female,None,Medium,Lagging
128.0973,23,Female,None,Medium,Lagging
128.263,31,Female,None,Low,Lagging
128.4253,37,Male,None,High,Lagging
128.76,90,Male,None,High,Lagging
128.76,40,Female,None,Medium,Lagging
128.9397,88,Male,None,Low,Lagging
129.0899,69,Male,None,Low,Lagging
129.263,91,Male,None,Medium,Lagging
129.263,57,Female,None,Medium,Lagging
129.4414,21,Female,None,High,Lagging
129.5903,47,Female,None,Medium,Lagging
129.7927,34,Male,None,Medium,Lagging
130.0942,74,Male,None,Low,Lagging
130.4357,42,Female,None,Low,Lagging
130.5999,72,Female,None,Medium,Lagging
130.7726,90,Female,None,Low,Lagging
130.7726,43,Male,None,Low,Lagging
130.9321,46,Female,None,Low,Lagging
131.1109,20,Female,WheelChair,Medium,Lagging
131.4311,67,Female,None,Medium,Lagging
131.7668,73,Female,WheelChair,Medium,Lagging
131.7668,56,Male,None,Medium,Lagging
131.9401,31,Female,None,High,Lagging
132.2659,75,Male,None,Medium,Lagging
132.4356,50,Female,None,Medium,Lagging
132.5999,74,Female,WheelChair,Low,Lagging
132.5999,38,Male,None,Low,Lagging
132.7707,50,Female,None,High,Lagging
133.2701,94,Male,None,Medium,Lagging
133.2701,44,Male,None,High,Lagging
133.2701,46,Female,None,Low,Lagging
133.4373,54,Male,None,Low,Lagging
133.7733,58,Female,None,Low,Lagging
133.7733,66,Male,None,Low,Immediate
133.7733,56,Male,None,Low,Lagging
133.9319,62,Female,None,Low,Lagging
134.2776,47,Female,None,Low,Lagging
134.2776,88,Female,None,High,Lagging
134.7595,44,Male,None,High,Lagging
134.9302,24,Female,None,Low,Lagging
135.1018,54,Male,None,High,Lagging
135.2659,79,Male,None,Medium,Lagging
135.2659,20,Female,None,High,Lagging
135.4406,63,Female,None,Medium,Lagging
135.9256,90,Female,None,Low,Lagging
136.0964,91,Male,None,Low,Immediate
136.0964,36,Female,None,High,Lagging
136.4343,59,Female,None,Medium,Lagging
136.4343,42,Female,None,High,Lagging
136.6127,57,Male,None,Medium,Lagging
136.761,77,Male,WheelChair,Low,Lagging
136.9283,36,Male,None,Medium,Lagging
137.2784,34,Female,None,Low,Lagging
137.2784,47,Female,None,High,Lagging
137.4363,69,Male,None,Low,Lagging
137.5928,27,Male,None,Medium,Lagging
137.7654,30,Male,None,Medium,Lagging
137.7654,80,Male,None,Low,Lagging
138.1047,76,Female,None,Low,Lagging
138.2681,42,Female,None,High,Lagging
138.2681,32,Male,WheelChair,Low,Lagging
138.2681,53,Female,None,Low,Lagging
138.6019,77,Male,None,Low,Lagging
138.9385,49,Female,None,High,Lagging
139.0977,82,Female,None,Low,Lagging
139.0977,33,Male,None,High,Lagging
139.2711,39,Female,None,Medium,Lagging
139.9272,34,Female,None,High,Lagging
140.104,95,Female,None,High,Lagging
140.104,92,Female,None,Low,Lagging
140.2622,93,Female,None,Low,Lagging
140.604,89,Female,None,Low,Lagging
140.765,55,Female,None,Low,Lagging
140.765,84,Male,None,Low,Lagging
140.765,58,Male,None,Low,Lagging
141.0986,60,Female,WheelChair,Low,Lagging
141.2608,79,Male,None,Low,Lagging
141.5992,39,Male,None,Medium,Lagging
141.9351,96,Female,None,Medium,Lagging
141.9351,26,Male,None,Medium,Lagging
142.2687,69,Female,None,Low,Lagging
142.4297,53,Female,None,Low,Immediate
142.4297,40,Female,None,Low,Lagging
142.5941,62,Female,None,Low,Lagging
142.7588,42,Male,None,High,Lagging
142.9388,36,Male,None,Low,Lagging
143.1097,43,Male,None,Low,Immediate
143.7656,35,Male,None,Low,Lagging
143.939,60,Female,None,Low,Lagging
144.1087,82,Male,None,High,Lagging
144.2693,96,Male,None,Low,Immediate
144.2693,42,Male,None,Low,Lagging
144.4337,20,Male,None,Low,Lagging
144.7695,20,Female,None,Low,Lagging
145.0965,76,Male,None,Low,Lagging
145.4301,90,Female,None,Low,Lagging
145.5942,76,Female,None,Medium,Lagging
145.7626,80,Female,None,High,Lagging
145.9263,96,Male,None,Low,Lagging
146.1079,75,Male,None,Low,Lagging
146.273,90,Female,None,Medium,Lagging
146.273,77,Female,None,High,Lagging
146.4324,60,Female,None,Low,Lagging
146.4324,91,Male,None,High,Lagging
147.0944,72,Female,None,High,Lagging
147.0944,71,Male,None,Medium,Lagging
147.0944,92,Male,None,Low,Lagging
147.2698,75,Female,None,Low,Lagging
147.4383,26,Female,None,High,Lagging
147.4383,47,Female,None,Low,Lagging
147.9351,83,Female,None,Low,Lagging
147.9351,85,Male,None,Medium,Lagging
148.1079,74,Female,None,Low,Lagging
148.2643,24,Male,None,Low,Lagging
148.5993,29,Female,None,Medium,Lagging
148.7661,52,Male,None,Medium,Lagging
149.0985,57,Female,None,High,Lagging
149.4301,98,Female,None,Low,Lagging
149.5936,66,Male,None,Medium,Lagging
149.5936,60,Male,None,Low,Lagging
150.0972,34,Male,None,Low,Lagging
150.2727,36,Male,None,Medium,Lagging
150.4304,59,Female,None,Low,Lagging
150.6016,33,Female,None,Medium,Lagging
150.6016,93,Female,None,High,Lagging
150.7608,73,Male,None,Low,Lagging
151.4344,85,Male,None,Low,Lagging
151.4344,34,Male,None,Low,Immediate
151.9297,99,Female,None,High,Lagging
152.1051,25,Female,None,High,Lagging
152.2702,56,Female,None,High,Lagging
152.7603,48,Female,WheelChair,Low,Lagging
152.7603,50,Male,None,Medium,Lagging
152.9301,44,Female,None,Medium,Lagging
152.9301,55,Male,None,Medium,Lagging
153.9291,35,Female,WheelChair,Low,Lagging
153.9291,95,Male,WakingStick,High,Lagging
153.9291,50,Female,None,High,Lagging
154.0954,37,Male,None,Low,Lagging
154.5969,61,Female,None,High,Lagging
155.2599,96,Male,None,Low,Lagging
155.2599,52,Male,None,Medium,Lagging
155.2599,67,Female,None,Low,Lagging
155.9343,54,Male,None,Low,Lagging
155.9343,46,Male,None,Low,Lagging
155.9343,91,Male,None,Low,Lagging
156.2638,44,Female,None,Medium,Lagging
156.4356,68,Male,None,Low,Lagging
156.7629,24,Male,None,High,Lagging
156.7629,58,Male,None,High,Immediate
156.9413,79,Male,None,High,Lagging
157.0989,54,Male,None,Low,Immediate
157.4268,44,Male,None,Low,Lagging
157.4268,84,Male,None,Medium,Lagging
157.6093,91,Female,None,Medium,Lagging
157.6093,89,Female,None,Low,Lagging
158.2663,81,Male,None,Low,Lagging
158.2663,97,Female,None,Medium,Lagging
158.9318,75,Male,None,Low,Lagging
158.9318,94,Male,None,Low,Lagging
159.2694,80,Female,None,Low,Lagging
159.4315,22,Male,None,Low,Lagging
159.4315,72,Male,None,High,Lagging
159.9356,47,Male,None,Low,Lagging
160.2648,93,Female,None,Medium,Lagging
160.4274,91,Male,None,Low,Lagging
160.6078,68,Female,None,High,Lagging
160.935,98,Male,None,Medium,Lagging
161.1053,61,Male,None,Medium,Lagging
161.1053,23,Male,None,Medium,Lagging
161.2705,51,Female,WheelChair,Medium,Lagging
161.9325,85,Female,None,Medium,Lagging
162.0972,95,Female,None,Low,Lagging
162.0972,26,Male,None,Low,Lagging
162.275,54,Female,WheelChair,Low,Lagging
162.5941,56,Female,None,High,Lagging
162.7599,23,Male,None,Low,Lagging
163.6041,99,Female,None,Medium,Lagging
163.7694,58,Male,None,Low,Lagging
164.1001,36,Female,None,Low,Lagging
164.4266,98,Female,None,Low,Lagging
164.5902,51,Female,WakingStick,Low,Lagging
164.7695,53,Female,WheelChair,Low,Lagging
165.0933,73,Female,None,Low,Lagging
165.0933,71,Female,None,Low,Lagging
165.775,98,Female,None,Low,Lagging
165.775,44,Male,None,Low,Lagging
166.6028,79,Male,None,Medium,Lagging
166.9404,98,Female,None,Low,Lagging
167.2734,25,Female,None,Medium,Lagging
167.7645,91,Female,None,Low,Lagging
168.2622,91,Female,None,High,Lagging
168.5948,88,Male,None,Low,Lagging
169.0923,36,Male,None,Low,Lagging
169.434,79,Female,None,Low,Lagging
170.2704,45,Male,None,Low,Lagging
170.2704,84,Male,None,Medium,Lagging
170.9285,86,Male,None,Medium,Lagging
171.2737,93,Male,None,Low,Immediate
171.941,93,Female,None,Low,Lagging
171.941,80,Male,None,Medium,Lagging
172.6036,86,Male,None,Low,Lagging
173.0966,57,Female,None,Low,Lagging
173.7593,44,Male,None,Low,Lagging
174.4349,37,Male,None,Low,Lagging
174.9306,57,Male,None,Low,Lagging
175.2689,72,Female,None,Low,Lagging
175.5966,76,Female,None,Medium,Lagging
176.7654,99,Male,None,Low,Lagging
177.5974,84,Female,None,Low,Immediate
178.1071,99,Female,None,Low,Immediate
178.7682,70,Female,None,Low,Lagging
179.102,94,Female,None,High,Lagging
179.2721,85,Male,None,Low,Lagging
180.429,97,Female,None,Medium,Immediate
180.7724,98,Male,None,High,Lagging
181.6014,99,Male,None,Low,Lagging
182.1005,97,Female,None,Low,Lagging
182.431,93,Male,None,Low,Lagging
186.0945,95,Female,None,Low,Lagging
187.7768,25,Female,None,Low,Lagging
193.4382,83,Female,None,Low,Lagging
193.934,82,Male,None,Low,Lagging
194.5972,56,Male,None,Low,Lagging
196.9374,89,Female,None,Low,Lagging
205.2666,73,Female,None,Low,Lagging
207.6065,94,Female,None,Medium,Lagging
208.2596,57,Female,None,Low,Lagging
214.1017,97,Male,None,Medium,Lagging
215.1045,90,Male,None,Low,Lagging
